Metric,AAVE,ETH,SOL,BNB,UNI,LINK
NVT Ratio,109.31051201992953,391.0661187959551,156.2325705802242,568.8890161886586,260.96570071323947,180.89693511986917
Sharpe Ratio,0.5943556514872439,-0.7446764458024112,-0.11856523141036211,0.2158091400978202,-0.20977167545085385,0.03816811950195433
Price/Volume Ratio,2.874233880034197e-06,1.2340932056329413e-06,1.445095784261451e-07,2.363600524301136e-06,1.2761291303893966e-07,1.4200840900010626e-07
Mayer Multiple,0.5751290139212429,0.5575595514452526,0.5798067821681632,0.8763556012324883,0.5146227621451124,0.6568125376662775
Speculative Signal,1.0,1.0,1.0,1.0,1.0,1.0
Price Stability Ratio,158.5173932901121,4254.497604506688,187.7322059318378,1143.3661672822166,8.471145351856713,15.750216282126265
RSI,21.820010055304152,23.885033470490683,29.8095666516719,29.37941869599375,26.164013217182315,27.311522048364125
MACD Histogram,-2.2112092498220157,-9.296871084516937,-0.9288571122641578,-5.3421813230676785,-0.03927121458852001,-0.1736239146566445
